{
  "id": "1635169002934",
  "name": "pillager helite",
  "pools": [
    {
      "rolls": 1,
      "entries": [
        {
          "type": "item",
          "weight": 1,
          "name": "rex:emeraldhelmet",
          "functions": [
            {
              "function": "set_count",
              "count": {
                "min": 1,
                "max": 1
              }
            },
            {
              "function": "set_data",
              "data": 0
            },
            {
              "function": "enchant_random_gear",
              "chance": 0.25
            }
          ]
        }
      ]
    },
    {
      "rolls": 1,
      "entries": [
        {
          "type": "item",
          "weight": 1,
          "name": "rex:emeraldchestplate",
          "functions": [
            {
              "function": "set_count",
              "count": {
                "min": 1,
                "max": 1
              }
            },
            {
              "function": "set_data",
              "data": 0
            },
            {
              "function": "enchant_random_gear",
              "chance": 0.25
            }
          ]
        }
      ]
    },
    {
      "rolls": 1,
      "entries": [
        {
          "type": "item",
          "weight": 1,
          "name": "rex:emeraldleggings",
          "functions": [
            {
              "function": "set_count",
              "count": {
                "min": 1,
                "max": 1
              }
            },
            {
              "function": "set_data",
              "data": 0
            },
            {
              "function": "enchant_random_gear",
              "chance": 0.25
            }
          ]
        }
      ]
    },
    {
      "rolls": 1,
      "entries": [
        {
          "type": "item",
          "weight": 1,
          "name": "rex:emeraldboots",
          "functions": [
            {
              "function": "set_count",
              "count": {
                "min": 1,
                "max": 1
              }
            },
            {
              "function": "set_data",
              "data": 0
            },
            {
              "function": "enchant_random_gear",
              "chance": 0.25
            }
          ]
        }
      ]
    },
    {
      "rolls": 1,
      "entries": [
        {
          "type": "item",
          "weight": 1,
          "name": "rex:diamondbattleaxe",
          "functions": [
            {
              "function": "set_count",
              "count": {
                "min": 1,
                "max": 1
              }
            },
            {
              "function": "set_data",
              "data": 0
            },
            {
              "function": "enchant_randomly",
              "enchantments": [
                "sharpness",
                "knockback",
                "sweeping",
                "smite",
                "fire_aspect",
                "mending"
              ]
            }
          ]
        }
      ]
    }
  ]
}