{
  "id": "1629478381708",
  "name": "pillagers",
  "pools": [
    {
      "rolls": 2,
      "entries": [
        {
          "type": "item",
          "weight": 1,
          "name": "minecraft:gold_nugget",
          "functions": [
            {
              "function": "set_count",
              "count": {
                "min": 1,
                "max": 1
              }
            }
          ]
        },
        {
          "type": "item",
          "weight": 1,
          "name": "minecraft:iron_nugget",
          "functions": [
            {
              "function": "set_count",
              "count": {
                "min": 1,
                "max": 1
              }
            }
          ]
        }
      ]
    },
    {
      "rolls": 2,
      "entries": [
        {
          "type": "item",
          "weight": 1,
          "name": "rex:pllagercoint",
          "functions": [
            {
              "function": "set_count",
              "count": {
                "min": 1,
                "max": 1
              }
            }
          ]
        }
      ]
    }
  ]
}
