{
  "id": "1629495578957",
  "name": "pillagers 2",
  "pools": [
    {
      "rolls": 2,
      "entries": [
        {
          "type": "item",
          "weight": 1,
          "name": "rex:pillagercoint",
          "functions": [
            {
              "function": "set_count",
              "count": {
                "min": 1,
                "max": 1
              }
            }
          ]
        }
      ]
    },
    {
      "rolls": 3,
      "entries": [
        {
          "type": "item",
          "weight": 1,
          "name": "minecraft:arrow",
          "functions": [
            {
              "function": "set_count",
              "count": {
                "min": 1,
                "max": 1
              }
            }
          ]
        }
      ]
    }
  ]
}
