{
  "id": "1637423297554",
  "name": "the pillager master",
  "pools": [
    {
      "rolls": 1,
      "entries": [
        {
          "type": "item",
          "weight": "100",
          "name": "rex:pillagersummonsguard",
          "functions": [
            {
              "function": "set_count",
              "count": {
                "min": 1,
                "max": 1
              }
            },
            {
              "function": "set_data",
              "data": 0
            }
          ]
        }
      ]
    },
    {
      "rolls": 1,
      "entries": [
        {
          "type": "item",
          "weight": 1,
          "name": "rex:pillagersummonsguard",
          "functions": [
            {
              "function": "set_count",
              "count": {
                "min": 1,
                "max": 1
              }
            },
            {
              "function": "set_data",
              "data": 0
            }
          ]
        }
      ]
    }
  ]
}