{
  "format_version": "1.8.0",
  "geometry.rex_archer": {
    "visible_bounds_width": 1,
    "visible_bounds_height": 1,
    "visible_bounds_offset": [
      0,
      0.5,
      0
    ],
    "bones": [
      {
        "name": "body",
        "pivot": [
          0.0,
          24.0,
          0.0
        ],
        "cubes": [
          {
            "origin": [
              -4.0,
              12.0,
              -2.0
            ],
            "size": [
              8,
              12,
              4
            ],
            "uv": [
              16,
              16
            ]
          }
        ]
      },
      {
        "name": "waist",
        "neverRender": true,
        "pivot": [
          0.0,
          12.0,
          0.0
        ]
      },
      {
        "name": "head",
        "pivot": [
          0.0,
          24.0,
          0.0
        ],
        "cubes": [
          {
            "origin": [
              -4.0,
              24.0,
              -4.0
            ],
            "size": [
              8,
              8,
              8
            ],
            "uv": [
              0,
              0
            ]
          }
        ]
      },
      {
        "name": "hat",
        "parent": "head",
        "pivot": [
          0.0,
          24.0,
          0.0
        ],
        "cubes": [
          {
            "origin": [
              -4.0,
              24.0,
              -4.0
            ],
            "size": [
              8,
              8,
              8
            ],
            "uv": [
              32,
              0
            ],
            "inflate": 0.5
          }
        ]
      },
      {
        "name": "rightArm",
        "pivot": [
          -5.0,
          22.0,
          0.0
        ],
        "cubes": [
          {
            "origin": [
              -8.0,
              12.0,
              -2.0
            ],
            "size": [
              4,
              12,
              4
            ],
            "uv": [
              40,
              16
            ]
          }
        ]
      },
      {
        "name": "rightItem",
        "pivot": [
          -6,
          15,
          1
        ],
        "neverRender": true,
        "parent": "rightArm"
      },
      {
        "name": "leftArm",
        "pivot": [
          5.0,
          22.0,
          0.0
        ],
        "cubes": [
          {
            "origin": [
              4.0,
              12.0,
              -2.0
            ],
            "size": [
              4,
              12,
              4
            ],
            "uv": [
              40,
              16
            ]
          }
        ],
        "mirror": true
      },
      {
        "name": "rightLeg",
        "pivot": [
          -1.9,
          12.0,
          0.0
        ],
        "cubes": [
          {
            "origin": [
              -3.9,
              0.0,
              -2.0
            ],
            "size": [
              4,
              12,
              4
            ],
            "uv": [
              0,
              16
            ]
          }
        ]
      },
      {
        "name": "leftLeg",
        "pivot": [
          1.9,
          12.0,
          0.0
        ],
        "cubes": [
          {
            "origin": [
              -0.1,
              0.0,
              -2.0
            ],
            "size": [
              4,
              12,
              4
            ],
            "uv": [
              0,
              16
            ]
          }
        ],
        "mirror": true
      },
      {
        "name": "helmet",
        "pivot": [
          0.0,
          24.0,
          0.0
        ],
        "neverRender": true
      },
      {
        "name": "rightArmArmor",
        "pivot": [
          -5.0,
          22.0,
          0.0
        ],
        "parent": "rightArm"
      },
      {
        "name": "leftArmArmor",
        "pivot": [
          5.0,
          22.0,
          0.0
        ],
        "parent": "leftArm",
        "mirror": true
      },
      {
        "name": "rightLegging",
        "pivot": [
          -1.9,
          12.0,
          0.0
        ],
        "parent": "rightLeg"
      },
      {
        "name": "leftLegging",
        "pivot": [
          1.9,
          12.0,
          0.0
        ],
        "parent": "leftLeg",
        "mirror": true
      },
      {
        "name": "rightBoot",
        "pivot": [
          -1.9,
          12.0,
          0.0
        ],
        "parent": "rightLeg"
      },
      {
        "name": "leftBoot",
        "pivot": [
          1.9,
          12.0,
          0.0
        ],
        "parent": "leftLeg",
        "mirror": true
      },
      {
        "name": "rightSock",
        "pivot": [
          -1.9,
          12.0,
          0.0
        ],
        "parent": "rightLeg"
      },
      {
        "name": "leftSock",
        "pivot": [
          1.9,
          12.0,
          0.0
        ],
        "parent": "leftLeg",
        "mirror": true
      },
      {
        "name": "bodyArmor",
        "pivot": [
          0.0,
          24.0,
          0.0
        ],
        "parent": "body"
      },
      {
        "name": "belt",
        "pivot": [
          0.0,
          24.0,
          0.0
        ],
        "parent": "body"
      }
    ]
  }
}