{
  "mob.rex_captain.idle": {
    "category": "neutral",
    "sounds": [
      "sounds/mob/rex_captain/idle"
    ]
  },
  "mob.rex_captain.death": {
    "category": "neutral",
    "sounds": [
      "sounds/mob/rex_captain/death"
    ]
  },
  "mob.rex_captain.haggle": {
    "category": "neutral",
    "sounds": [
      "sounds/mob/rex_captain/haggle"
    ]
  },
  "mob.rex_captain.no": {
    "category": "neutral",
    "sounds": [
      "sounds/mob/rex_captain/no"
    ]
  },
  "mob.rex_captain.yes": {
    "category": "neutral",
    "sounds": [
      "sounds/mob/rex_captain/yes"
    ]
  },
  "mob.rex_captain.hit": {
    "category": "neutral",
    "sounds": [
      "sounds/mob/rex_captain/hit"
    ]
  },
  "mob.rex_king.idle": {
    "category": "neutral",
    "sounds": [
      "sounds/mob/rex_king/idle"
    ]
  },
  "mob.rex_king.death": {
    "category": "neutral",
    "sounds": [
      "sounds/mob/rex_king/death"
    ]
  },
  "mob.rex_king.haggle": {
    "category": "neutral",
    "sounds": [
      "sounds/mob/rex_king/haggle"
    ]
  },
  "mob.rex_king.no": {
    "category": "neutral",
    "sounds": [
      "sounds/mob/rex_king/no"
    ]
  },
  "mob.rex_king.yes": {
    "category": "neutral",
    "sounds": [
      "sounds/mob/rex_king/yes"
    ]
  },
  "mob.rex_king.hit": {
    "category": "neutral",
    "sounds": [
      "sounds/mob/rex_king/hit"
    ]
  },
  "mob.rex_archer.idle": {
    "category": "neutral",
    "sounds": [
      "sounds/mob/rex_archer/idle"
    ]
  },
  "mob.rex_archer.death": {
    "category": "neutral",
    "sounds": [
      "sounds/mob/rex_archer/death"
    ]
  },
  "mob.rex_archer.haggle": {
    "category": "neutral",
    "sounds": [
      "sounds/mob/rex_archer/haggle"
    ]
  },
  "mob.rex_archer.no": {
    "category": "neutral",
    "sounds": [
      "sounds/mob/rex_archer/no"
    ]
  },
  "mob.rex_archer.yes": {
    "category": "neutral",
    "sounds": [
      "sounds/mob/rex_archer/yes"
    ]
  },
  "mob.rex_archer.hit": {
    "category": "neutral",
    "sounds": [
      "sounds/mob/rex_archer/hit"
    ]
  },
  "mob.rex_redstoneengineer.idle": {
    "category": "neutral",
    "sounds": [
      "sounds/mob/rex_redstoneengineer/idle"
    ]
  },
  "mob.rex_redstoneengineer.death": {
    "category": "neutral",
    "sounds": [
      "sounds/mob/rex_redstoneengineer/death"
    ]
  },
  "mob.rex_redstoneengineer.hit": {
    "category": "neutral",
    "sounds": [
      "sounds/mob/rex_redstoneengineer/hit"
    ]
  }
}