{
  "entity_sounds": {
    "entities": {
      "rex:mercenaryguard": {
        "volume": 1.0,
        "pitch": [
          0.8,
          1.2
        ],
        "events": {
          "ambient": "mob.pillager.idle",
          "hurt": "mob.pillager.hurt",
          "death": "mob.pillager.death",
          "ambient.in.raid": {
            "sound": "mob.vindicator.idle",
            "volume": 3.0,
            "pitch": [
              0.8,
              1.2
            ]
          },
          "celebrate": "mob.pillager.celebrate"
        }
      },
      "rex:witchm": {
        "volume": 1.0,
        "pitch": [
          0.8,
          1.2
        ],
        "events": {
          "ambient": "mob.witch.ambient",
          "hurt": "mob.witch.hurt",
          "death": "mob.witch.death",
          "drink": {
            "sound": "mob.witch.drink",
            "volume": 1.0,
            "pitch": 1.0
          },
          "throw": {
            "sound": "mob.witch.throw",
            "volume": 1.0,
            "pitch": 1.0
          },
          "ambient.in.raid": {
            "sound": "mob.witch.ambient",
            "volume": 3.0,
            "pitch": [
              0.8,
              1.2
            ]
          },
          "celebrate": "mob.witch.celebrate"
        }
      },
      "rex:captain": {
        "volume": 1.0,
        "pitch": [
          0.8,
          1.2
        ],
        "events": {
          "ambient": "mob.villager.yes",
          "death": "mob.villager.death",
          "death.to.zombie": "mob.villager.death",
          "haggle": "mob.villager.haggle",
          "haggle.no": "mob.villager.no",
          "haggle.yes": "mob.villager.haggle",
          "hurt": "mob.villager.hit"
        }
      },
      "rex:king": {
        "volume": 1.0,
        "pitch": [
          0.8,
          1.2
        ],
        "events": {
          "ambient": "mob.villager.yes",
          "death": "mob.villager.death",
          "death.to.zombie": "mob.villager.death",
          "haggle": "mob.villager.haggle",
          "haggle.no": "mob.villager.no",
          "haggle.yes": "mob.villager.yes",
          "hurt": "mob.villager.hit"
        }
      },
      "rex:archer": {
        "volume": 1.0,
        "pitch": [
          0.8,
          1.2
        ],
        "events": {
          "ambient": "mob.villager.idle",
          "death": "mob.villager.death",
          "death.to.zombie": "mob.villager.death",
          "haggle": "mob.villager.haggle",
          "haggle.no": "mob.villager.no",
          "haggle.yes": "mob.villager.yes",
          "hurt": "mob.villager.hit"
        }
      },
      "rex:redstoneengineer": {
        "volume": 1.0,
        "pitch": [
          0.8,
          1.2
        ],
        "events": {
          "ambient": "mob.villager.haggle",
          "death": "mob.villager.death",
          "death.to.zombie": "mob.villager.death",
          "haggle": "mob.villager.haggle",
          "haggle.no": "mob.villager.no",
          "haggle.yes": "mob.villager.yes",
          "hurt": "mob.villager.hit"
        }
      },
      "rex:coint": {
        "volume": 1.0,
        "pitch": [
          0.8,
          1.2
        ],
        "events": {
          "ambient": "mob.villager.yes",
          "death": "mob.pillager.death",
          "death.to.zombie": "mob.villager.death",
          "haggle": "mob.villager.haggle",
          "haggle.no": "mob.pillager.celebrate",
          "haggle.yes": "mob.villager.yes",
          "hurt": "mob.pillager.hurt"
        }
      },
      "rex:guard": {
        "volume": 1.0,
        "pitch": [
          0.8,
          1.2
        ],
        "events": {
          "ambient": "mob.villager.haggle",
          "death": "mob.villager.death",
          "death.to.zombie": "mob.villager.death",
          "haggle": "mob.villager.haggle",
          "haggle.no": "mob.villager.no",
          "haggle.yes": "mob.villager.yes",
          "hurt": "mob.villager.hit"
        }
      },
      "rex:eliteguard": {
        "volume": 1.0,
        "pitch": [
          0.8,
          1.2
        ],
        "events": {
          "ambient": "mob.villager.idle",
          "death": "mob.villager.death",
          "death.to.zombie": "mob.villager.death",
          "haggle": "mob.villager.haggle",
          "haggle.no": "mob.villager.no",
          "haggle.yes": "mob.villager.yes",
          "hurt": "mob.villager.hit"
        }
      },
      "rex:helitepillagerguard": {
        "volume": 1.0,
        "pitch": [
          0.8,
          1.2
        ],
        "events": {
          "ambient": "mob.pillager.idle",
          "death": "mob.pillager.death",
          "death.to.zombie": "mob.villager.death",
          "haggle": "mob.villager.haggle",
          "haggle.no": "mob.villager.no",
          "haggle.yes": "mob.villager.yes",
          "hurt": "mob.pillager.hurt"
        }
      },
      "rex:pillagerguard": {
        "volume": 1.0,
        "pitch": [
          0.8,
          1.2
        ],
        "events": {
          "ambient": "mob.pillager.idle",
          "death": "mob.pillager.death",
          "death.to.zombie": "mob.villager.death",
          "haggle": "mob.pillager.idle",
          "haggle.no": "mob.pillager.celebrate",
          "haggle.yes": "mob.villager.yes",
          "hurt": "mob.pillager.hurt"
        }
      },
      "rex:pillagerarcher": {
        "volume": 1.0,
        "pitch": [
          0.8,
          1.2
        ],
        "events": {
          "ambient": "mob.pillager.idle",
          "death": "mob.pillager.death",
          "death.to.zombie": "mob.villager.death",
          "haggle": "mob.pillager.celebrate",
          "haggle.no": "mob.villager.no",
          "haggle.yes": "mob.villager.yes",
          "hurt": "mob.pillager.hurt"
        }
      },
      "rex:king2": {
        "volume": 1.0,
        "pitch": [
          0.8,
          1.2
        ],
        "events": {
          "ambient": "mob.pillager.idle",
          "death": "mob.pillager.death",
          "death.to.zombie": "mob.villager.death",
          "haggle": "mob.pillager.idle",
          "haggle.no": "mob.villager.no",
          "haggle.yes": "mob.villager.yes",
          "hurt": "mob.pillager.idle"
        }
      },
      "rex:mercenaryvillager": {
        "volume": 1.0,
        "pitch": [
          0.8,
          1.2
        ],
        "events": {
          "ambient": "mob.pillager.idle",
          "death": "mob.villager.death",
          "death.to.zombie": "mob.villager.death",
          "haggle": "mob.villager.haggle",
          "haggle.no": "mob.villager.no",
          "haggle.yes": "mob.villager.no",
          "hurt": "mob.pillager.hurt"
        }
      },
      "rex:mercenaryarcher": {
        "volume": 1.0,
        "pitch": [
          0.8,
          1.2
        ],
        "events": {
          "ambient": "mob.pillager.idle",
          "death": "mob.villager.death",
          "death.to.zombie": "mob.villager.death",
          "haggle": "mob.villager.haggle",
          "haggle.no": "mob.villager.no",
          "haggle.yes": "mob.villager.no",
          "hurt": "mob.pillager.hurt"
        }
      },
      "rex:merchant1": {
        "volume": 1.0,
        "pitch": [
          0.8,
          1.2
        ],
        "events": {
          "ambient": "mob.villager.idle",
          "death": "mob.villager.death",
          "death.to.zombie": "mob.villager.death",
          "haggle": "mob.villager.haggle",
          "haggle.no": "mob.villager.no",
          "haggle.yes": "mob.villager.yes",
          "hurt": "mob.villager.hit"
        }
      },
      "rex:merchant2": {
        "volume": 1.0,
        "pitch": [
          0.8,
          1.2
        ],
        "events": {
          "ambient": "mob.villager.haggle",
          "death": "mob.villager.death",
          "death.to.zombie": "mob.villager.death",
          "haggle": "mob.villager.haggle",
          "haggle.no": "mob.villager.no",
          "haggle.yes": "mob.villager.yes",
          "hurt": "mob.villager.hit"
        }
      },
      "rex:merchant3": {
        "volume": 1.0,
        "pitch": [
          0.8,
          1.2
        ],
        "events": {
          "ambient": "mob.villager.haggle",
          "death": "mob.villager.death",
          "death.to.zombie": "mob.villager.death",
          "haggle": "mob.villager.haggle",
          "haggle.no": "mob.villager.no",
          "haggle.yes": "mob.villager.yes",
          "hurt": "mob.villager.hit"
        }
      },
      "rex:merchant4": {
        "volume": 1.0,
        "pitch": [
          0.8,
          1.2
        ],
        "events": {
          "ambient": "mob.villager.idle",
          "death": "mob.villager.death",
          "death.to.zombie": "mob.villager.death",
          "haggle": "mob.villager.haggle",
          "haggle.no": "mob.villager.no",
          "haggle.yes": "mob.pillager.hurt",
          "hurt": "mob.pillager.idle"
        }
      },
      "rex:fvm": {
        "volume": 1.0,
        "pitch": [
          0.8,
          1.2
        ],
        "events": {
          "ambient": "mob.pillager.idle",
          "death": "mob.villager.death",
          "death.to.zombie": "mob.villager.death",
          "haggle": "mob.villager.haggle",
          "haggle.no": "mob.villager.no",
          "haggle.yes": "mob.villager.no",
          "hurt": "mob.pillager.hurt"
        }
      },
      "rex:summon2": {
        "volume": 1.0,
        "pitch": [
          0.8,
          1.2
        ],
        "events": {
          "ambient": "mob.pillager.idle",
          "death": "mob.pillager.death",
          "death.to.zombie": "mob.villager.death",
          "haggle": "mob.pillager.idle",
          "haggle.no": "mob.pillager.celebrate",
          "haggle.yes": "mob.villager.yes",
          "hurt": "mob.pillager.hurt"
        }
      },
      "rex:summon1": {
        "volume": 1.0,
        "pitch": [
          0.8,
          1.2
        ],
        "events": {
          "ambient": "mob.pillager.idle",
          "death": "mob.pillager.death",
          "death.to.zombie": "mob.villager.death",
          "haggle": "mob.villager.haggle",
          "haggle.no": "mob.villager.no",
          "haggle.yes": "mob.villager.yes",
          "hurt": "mob.pillager.hurt"
        }
      }
    }
  }
}