{
  "format_version": "1.11",
  "minecraft:entity": {
    "description": {
      "identifier": "minecraft:player",
      "is_spawnable": false,
      "is_summonable": false,
      "is_experimental": false,
      "scripts": {
        "animate": [
          "walk",
          "rex:emeraldhelmet",
          "rex:emeraldchestplate",
          "rex:emeraldleggings",
          "rex:emeraldboots"
        ]
      },
      "animations": {
        "walk": "controller.animation.walk",
        "rex:emeraldhelmet": "controller.animation.rex_emeraldhelmet",
        "rex:emeraldchestplate": "controller.animation.rex_emeraldchestplate",
        "rex:emeraldleggings": "controller.animation.rex_emeraldleggings",
        "rex:emeraldboots": "controller.animation.rex_emeraldboots"
      }
    },
    "component_groups": {
      "pamobile:respawn": {
        "minecraft:mark_variant": {
          "value": 99999
        },
        "minecraft:health": {
          "value": 20,
          "max": 20
        },
        "minecraft:movement": {
          "value": 0.1
        },
        "minecraft:attack": {
          "damage": 1
        },
        "minecraft:spell_effects": {
          "remove_effects": []
        }
      },
      "ammo:1": {
        "minecraft:mark_variant": {
          "value": 1
        }
      },
      "rex:cristalkingsword": {
        "minecraft:health": {
          "value": 20,
          "max": 20
        },
        "minecraft:movement": {
          "value": 0.1
        },
        "minecraft:spell_effects": {
          "add_effects": []
        }
      },
      "rex:ironbattleaxe": {
        "minecraft:health": {
          "value": 20,
          "max": 20
        },
        "minecraft:movement": {
          "value": 0.1
        },
        "minecraft:spell_effects": {
          "add_effects": []
        }
      },
      "rex:goldenbattleaxe": {
        "minecraft:health": {
          "value": 20,
          "max": 20
        },
        "minecraft:movement": {
          "value": 0.1
        },
        "minecraft:spell_effects": {
          "add_effects": []
        }
      },
      "rex:diamondbattleaxe": {
        "minecraft:health": {
          "value": 20,
          "max": 20
        },
        "minecraft:movement": {
          "value": 0.1
        },
        "minecraft:spell_effects": {
          "add_effects": []
        }
      },
      "rex:emeraldbattleaxe": {
        "minecraft:health": {
          "value": 20,
          "max": 20
        },
        "minecraft:movement": {
          "value": 0.1
        },
        "minecraft:spell_effects": {
          "add_effects": []
        }
      },
      "rex:ironpaxel": {
        "minecraft:health": {
          "value": 20,
          "max": 20
        },
        "minecraft:movement": {
          "value": 0.1
        },
        "minecraft:spell_effects": {
          "add_effects": []
        }
      },
      "rex:netheritebattleaxe": {
        "minecraft:health": {
          "value": 20,
          "max": 20
        },
        "minecraft:movement": {
          "value": 0.1
        },
        "minecraft:spell_effects": {
          "add_effects": []
        }
      },
      "rex:emeraldhelmet_event_play": {
        "minecraft:health": {
          "value": 20,
          "max": 20
        },
        "minecraft:movement": {
          "value": 0.1
        },
        "minecraft:spell_effects": {
          "add_effects": []
        }
      },
      "rex:emeraldchestplate_event_play": {
        "minecraft:health": {
          "value": 20,
          "max": 20
        },
        "minecraft:movement": {
          "value": 0.1
        },
        "minecraft:spell_effects": {
          "add_effects": []
        }
      },
      "rex:emeraldleggings_event_play": {
        "minecraft:health": {
          "value": 20,
          "max": 20
        },
        "minecraft:movement": {
          "value": 0.1
        },
        "minecraft:spell_effects": {
          "add_effects": []
        }
      },
      "rex:emeraldboots_event_play": {
        "minecraft:health": {
          "value": 20,
          "max": 20
        },
        "minecraft:movement": {
          "value": 0.1
        },
        "minecraft:spell_effects": {
          "add_effects": []
        }
      }
    },
    "components": {
      "minecraft:type_family": {
        "family": [
          "player"
        ]
      },
      "minecraft:loot": {
        "table": "loot_tables/empty.json"
      },
      "minecraft:collision_box": {
        "width": 0.6,
        "height": 1.8
      },
      "minecraft:can_climb": {},
      "minecraft:movement": {
        "value": 0.1
      },
      "minecraft:environment_sensor": [
        {
          "on_environment": {
            "filters": {
              "any_of": [
                {
                  "test": "is_family",
                  "subject": "self",
                  "value": "player"
                }
              ]
            },
            "event": "pamobile:refresh_player"
          }
        },
        {
          "on_environment": {
            "filters": {
              "all_of": [
                {
                  "test": "has_equipment",
                  "subject": "self",
                  "domain": "hand",
                  "value": "rex:cristalkingsword"
                }
              ]
            },
            "event": "rex:cristalkingsword_event"
          }
        },
        {
          "on_environment": {
            "filters": {
              "all_of": [
                {
                  "test": "has_equipment",
                  "subject": "self",
                  "domain": "hand",
                  "value": "rex:ironbattleaxe"
                }
              ]
            },
            "event": "rex:ironbattleaxe_event"
          }
        },
        {
          "on_environment": {
            "filters": {
              "all_of": [
                {
                  "test": "has_equipment",
                  "subject": "self",
                  "domain": "hand",
                  "value": "rex:goldenbattleaxe"
                }
              ]
            },
            "event": "rex:goldenbattleaxe_event"
          }
        },
        {
          "on_environment": {
            "filters": {
              "all_of": [
                {
                  "test": "has_equipment",
                  "subject": "self",
                  "domain": "hand",
                  "value": "rex:diamondbattleaxe"
                }
              ]
            },
            "event": "rex:diamondbattleaxe_event"
          }
        },
        {
          "on_environment": {
            "filters": {
              "all_of": [
                {
                  "test": "has_equipment",
                  "subject": "self",
                  "domain": "hand",
                  "value": "rex:emeraldbattleaxe"
                }
              ]
            },
            "event": "rex:emeraldbattleaxe_event"
          }
        },
        {
          "on_environment": {
            "filters": {
              "all_of": [
                {
                  "test": "has_equipment",
                  "subject": "self",
                  "domain": "hand",
                  "value": "rex:ironpaxel"
                }
              ]
            },
            "event": "rex:ironpaxel_event"
          }
        },
        {
          "on_environment": {
            "filters": {
              "all_of": [
                {
                  "test": "has_equipment",
                  "subject": "self",
                  "domain": "hand",
                  "value": "rex:netheritebattleaxe"
                }
              ]
            },
            "event": "rex:netheritebattleaxe_event"
          }
        },
        {
          "on_environment": {
            "filters": {
              "all_of": [
                {
                  "test": "has_equipment",
                  "subject": "self",
                  "domain": "hand",
                  "value": "rex:emeraldhelmet"
                }
              ]
            },
            "event": "rex:emeraldhelmet_event_hold"
          }
        },
        {
          "on_environment": {
            "filters": {
              "all_of": [
                {
                  "test": "has_equipment",
                  "subject": "self",
                  "domain": "head",
                  "value": "rex:emeraldhelmet"
                }
              ]
            },
            "event": "rex:emeraldhelmet_event_play"
          }
        },
        {
          "on_environment": {
            "filters": {
              "all_of": [
                {
                  "test": "has_equipment",
                  "subject": "self",
                  "domain": "hand",
                  "value": "rex:emeraldchestplate"
                }
              ]
            },
            "event": "rex:emeraldchestplate_event_hold"
          }
        },
        {
          "on_environment": {
            "filters": {
              "all_of": [
                {
                  "test": "has_equipment",
                  "subject": "self",
                  "domain": "head",
                  "value": "rex:emeraldchestplate"
                }
              ]
            },
            "event": "rex:emeraldchestplate_event_play"
          }
        },
        {
          "on_environment": {
            "filters": {
              "all_of": [
                {
                  "test": "has_equipment",
                  "subject": "self",
                  "domain": "hand",
                  "value": "rex:emeraldleggings"
                }
              ]
            },
            "event": "rex:emeraldleggings_event_hold"
          }
        },
        {
          "on_environment": {
            "filters": {
              "all_of": [
                {
                  "test": "has_equipment",
                  "subject": "self",
                  "domain": "head",
                  "value": "rex:emeraldleggings"
                }
              ]
            },
            "event": "rex:emeraldleggings_event_play"
          }
        },
        {
          "on_environment": {
            "filters": {
              "all_of": [
                {
                  "test": "has_equipment",
                  "subject": "self",
                  "domain": "hand",
                  "value": "rex:emeraldboots"
                }
              ]
            },
            "event": "rex:emeraldboots_event_hold"
          }
        },
        {
          "on_environment": {
            "filters": {
              "all_of": [
                {
                  "test": "has_equipment",
                  "subject": "self",
                  "domain": "head",
                  "value": "rex:emeraldboots"
                }
              ]
            },
            "event": "rex:emeraldboots_event_play"
          }
        }
      ],
      "minecraft:player.saturation": {
        "value": 20
      },
      "minecraft:player.exhaustion": {
        "value": 0,
        "max": 4
      },
      "minecraft:player.level": {
        "value": 0,
        "max": 24791
      },
      "minecraft:player.experience": {
        "value": 0,
        "max": 1
      },
      "minecraft:breathable": {
        "totalSupply": 15,
        "suffocateTime": -1,
        "inhaleTime": 3.75,
        "generatesBubbles": false
      },
      "minecraft:nameable": {
        "alwaysShow": true,
        "allowNameTagRenaming": false
      },
      "minecraft:physics": {},
      "minecraft:insomnia": {
        "days_until_insomnia": 3
      },
      "minecraft:rideable": {
        "seat_count": 2,
        "family_types": [
          "parrot_tame"
        ],
        "pull_in_entities": true,
        "seats": [
          {
            "position": [
              0.4,
              -0.15,
              0.04
            ],
            "min_rider_count": 0,
            "max_rider_count": 0,
            "lock_rider_rotation": 0
          },
          {
            "position": [
              -0.4,
              -0.15,
              0.04
            ],
            "min_rider_count": 1,
            "max_rider_count": 2,
            "lock_rider_rotation": 0
          }
        ]
      },
      "minecraft:scaffolding_climber": {}
    },
    "events": {
      "pamobile:refresh_player": {
        "add": {
          "component_groups": [
            "pamobile:respawn"
          ]
        },
        "remove": {
          "component_groups": [
            "rex:cristalkingsword",
            "rex:ironbattleaxe",
            "rex:goldenbattleaxe",
            "rex:diamondbattleaxe",
            "rex:emeraldbattleaxe",
            "rex:ironpaxel",
            "rex:netheritebattleaxe",
            "rex:emeraldhelmet_event_hold",
            "rex:emeraldhelmet_event_play",
            "rex:emeraldchestplate_event_hold",
            "rex:emeraldchestplate_event_play",
            "rex:emeraldleggings_event_hold",
            "rex:emeraldleggings_event_play",
            "rex:emeraldboots_event_hold",
            "rex:emeraldboots_event_play"
          ]
        }
      },
      "minecraft:entity_spawned": {
        "add": {
          "component_groups": [
            "pamobile:respawn"
          ]
        },
        "remove": {}
      },
      "ammo:1": {
        "remove": {
          "component_groups": [
            "ammo:1"
          ]
        },
        "add": {
          "component_groups": [
            "ammo:1"
          ]
        }
      },
      "ammo:2": {
        "remove": {
          "component_groups": [
            "ammo:2"
          ]
        },
        "add": {
          "component_groups": [
            "ammo:2"
          ]
        }
      },
      "rex:cristalkingsword_event": {
        "add": {
          "component_groups": [
            "rex:cristalkingsword"
          ]
        }
      },
      "rex:ironbattleaxe_event": {
        "add": {
          "component_groups": [
            "rex:ironbattleaxe"
          ]
        }
      },
      "rex:goldenbattleaxe_event": {
        "add": {
          "component_groups": [
            "rex:goldenbattleaxe"
          ]
        }
      },
      "rex:diamondbattleaxe_event": {
        "add": {
          "component_groups": [
            "rex:diamondbattleaxe"
          ]
        }
      },
      "rex:emeraldbattleaxe_event": {
        "add": {
          "component_groups": [
            "rex:emeraldbattleaxe"
          ]
        }
      },
      "rex:ironpaxel_event": {
        "add": {
          "component_groups": [
            "rex:ironpaxel"
          ]
        }
      },
      "rex:netheritebattleaxe_event": {
        "add": {
          "component_groups": [
            "rex:netheritebattleaxe"
          ]
        }
      },
      "rex:emeraldhelmet_event_hold": {
        "add": {
          "component_groups": [
            "rex:emeraldhelmet_event_hold"
          ]
        }
      },
      "rex:emeraldhelmet_event_play": {
        "add": {
          "component_groups": [
            "rex:emeraldhelmet_event_play"
          ]
        }
      },
      "rex:emeraldchestplate_event_hold": {
        "add": {
          "component_groups": [
            "rex:emeraldchestplate_event_hold"
          ]
        }
      },
      "rex:emeraldchestplate_event_play": {
        "add": {
          "component_groups": [
            "rex:emeraldchestplate_event_play"
          ]
        }
      },
      "rex:emeraldleggings_event_hold": {
        "add": {
          "component_groups": [
            "rex:emeraldleggings_event_hold"
          ]
        }
      },
      "rex:emeraldleggings_event_play": {
        "add": {
          "component_groups": [
            "rex:emeraldleggings_event_play"
          ]
        }
      },
      "rex:emeraldboots_event_hold": {
        "add": {
          "component_groups": [
            "rex:emeraldboots_event_hold"
          ]
        }
      },
      "rex:emeraldboots_event_play": {
        "add": {
          "component_groups": [
            "rex:emeraldboots_event_play"
          ]
        }
      }
    }
  }
}
