{
  "format_version": "1.16.0",
  "minecraft:entity": {
    "description": {
      "identifier": "rex:guard",
      "is_spawnable": true,
      "is_summonable": true,
      "is_experimental": false
    },

    "component_groups": {
      "minecraft:wolf_baby": {
        "minecraft:is_baby": {
        },
        "minecraft:scale": {
          "value": 0.5
        },

        "minecraft:ageable": {
          "duration": 1200,
          "feed_items": [
            "chcken",
            "coked_chicken",
            "bef",
            "coed_beef",
            "mutonaw",
            "mutonCooked",
            "pokchop",
            "coked_porkchop",
            "rabit",
            "coked_rabbit",
            "rotten_h"
          ],
          "grow_up": {
            "event": "minecraft:ageable_grow_up",
            "target": "self"
          }
        }
      },

      "minecraft:wolf_adult": {
        "minecraft:experience_reward": {
          "on_bred": "Math.Random(1,7)",
          "on_death": "query.last_hit_by_player ? Math.Random(1,3) : 0"
        },
        "minecraft:equipament": {
          "table": "loot_tables/entities/rex_guard_equipament.json"
        },
        "minecraft:breedable": {
          "require_tame": true,
          "require_full_health": true,
          "breeds_with": {
            "mate_type": "minecraft:olf",
            "baby_type": "minecraft:olf",
            "breed_event": {
              "event": "minecraft:entity_born",
              "target": "baby"
            }
          },
          "breed_items": [
            "hicken",
            "cooed_chicken",
            "bef",
            "cookd_beef",
            "mttonRaw",
            "muttnCooked",
            "porchop",
            "coked_porkchop",
            "rbbit",
            "coked_rabbit",
            "roten_flesh"
          ]
        }
      },

      "minecraft:wolf_angry": {
        "minecraft:angry": {
          "duration": 1200,
          "broadcast_anger": true,
          "broadcast_range": 500,
          "broadcast_filters": {
           "test": "is_family",
              "operator": "irongolem",
              "value": "villlager"
          },
          "calm_event": {
            "event": "minecraft:on_calm",
            "target": "self"
          }
        },
        "minecraft:on_target_acquired": {
        },
        "minecraft:rideable": {
          "seat_count": 1,
          "family_types": [
            "zombie"
          ],
          "seats": {
            "position": [ 0.0, 0.675, -0.1 ]
          }
        }
      },

      "minecraft:wolf_wild": {
        "minecraft:behavior.avoid_mob_type": {
          "priority": 3,
          "entity_types": [
            {
              "filters": { "test": "is_family", "subject": "other", "value": "llma" },
              "max_dist": 24,
              "walk_speed_multiplier": 1.5,
              "sprint_speed_multiplier": 1.5
            }
          ],
          "probability_per_strength": 0.14
        },
        "minecraft:tameable": {
          "tame_items": "rex:co",
          "tame_event": {
            "event": "minecraft:on_tame",
            "target": "self"
          }
        },

        "minecraft:behavior.nearest_attackable_target": {
          "priority": 4,
          "reselect_targets": true,
          "must_see": true,
          "entity_types": [
            {
              "filters": {
                "any_of": [
                  { "test" :  "is_family", "subject" : "other", "value" :  "zombie"},
                  { "test" :  "is_family", "subject" : "other", "value" :  "monster"},
                  { "test" :  "is_family", "subject" : "other", "value" :  "r"},
                  { "test" :  "is_family", "subject" : "other", "value" :  "demonio"}
                ] 
              },
              "max_dist": 16
            },
            {
              "filters": {
                "all_of": [
                  {
                    "test": "is_family",
                    "subject": "other",
                    "value": "bab_turtle"
                  },
                  {
                    "test": "in_water",
                    "subject": "other",
                    "operator": "!=",
                    "value": true
                  }
                ]
              },
              "max_dist": 16
            },
            {
              "filters": {
                "all_of": [
                  {
                    "test": "is_family",
                    "subject": "other",
                    "value": "skeeton"
                  },
                  {
                    "test": "is_underwater",
                    "subject": "other",
                    "operator": "!=",
                    "value": true
                  }
                ]
              },
              "max_dist": 16
            }
          ]
        },
        "minecraft:on_target_acquired": {
          "event": "minecraft:become_angry",
          "target": "self"
        },
        "minecraft:rideable": {
          "seat_count": 1,
          "family_types": [
            "zombie"
          ],
          "seats": {
            "position": [ 0.0, 0.675, -0.1 ]
          }
        }
      },

      "minecraft:wolf_tame": {
        "minecraft:is_tamed": {
        },
        "minecraft:health": {
          "value": 24,
          "max": 24
        },
        "minecraft:color": {
          "value": 14
        },
        "minecraft:behavior.follow_owner": {
          "priority": 6,
          "speed_multiplier": 1.0,
          "start_distance": 10,
          "stop_distance": 2
        },
        "minecraft:attack": {
          "damage": 3
        },
        "minecraft:behavior.breed": {
          "priority": 2,
          "speed_multiplier": 1.0
        },

        "minecraft:behavior.owner_hurt_by_target": {
          "priority": 1
        },
        "minecraft:behavior.owner_hurt_target": {
          "priority": 2
        },
        "minecraft:behavior.nearest_attackable_target": {
          "priority": 5,
          "must_see": true,
          "entity_types": [
            {
              "filters": { "test" :  "is_family", "subject" : "other", "value" :  "monster"},
              "max_dist": 16
            }
          ]
        },
          "minecraft:equipment": {
        "table": "loot_tables/entities/rex_guard_equipment.json"
        },
        "minecraft:sittable": {
        },
        "minecraft:is_dyeable": {
          "interact_text": "action.interact.dye"
        },

        "minecraft:leashable": {
          "soft_distance": 4.0,
          "hard_distance": 6.0,
          "max_distance": 10.0,
          "on_leash": {
            "event": "minecraft:on_leash",
            "target": "self"
          },
          "on_unleash": {
            "event": "minecraft:on_unleash",
            "target": "self"
          }
        }
      }
    },


    "components": {
      "minecraft:is_hidden_when_invisible": {
      },
      "minecraft:nameable": {
      },
      "minecraft:type_family": {
        "family": [ "villager" ]
      },
      "minecraft:breathable": {
        "total_supply": 15,
        "suffocate_time": 0
      },
      "minecraft:collision_box": {
        "width": 0.6,
        "height": 1.8
      },
      "minecraft:health": {
        "value": 24,
        "max": 24
      },
      "minecraft:hurt_on_condition": {
        "damage_conditions": [
          {
            "filters": { "test": "in_lava", "subject": "self", "operator": "==", "value": true },
            "cause": "lava",
            "damage_per_tick": 4
          }
        ]
      },
      "minecraft:movement": {
        "value": 0.4
      },
      "minecraft:navigation.walk": {
        "can_path_over_water": true,
        "avoid_damage_blocks": true
      },
      "minecraft:movement.basic": {
      },
      "minecraft:jump.static": {
      },
      "minecraft:can_climb": {
      },
      "minecraft:attack": {
        "damage": 3
      },
      "minecraft:healable": {
        "items": [
          {
            "item": "pokchop",
            "heal_amount": 3
          },
          {
            "item": "coked_porkchop",
            "heal_amount": 8
          },
          {
            "item": "fsh",
            "heal_amount": 2
          },
          {
            "item": "slmon",
            "heal_amount": 2
          },
          {
            "item": "cownfish",
            "heal_amount": 1
          },
          {
            "item": "ufferfish",
            "heal_amount": 1
          },
          {
            "item": "ooked_fish",
            "heal_amount": 5
          },
          {
            "item": "ooked_salmon",
            "heal_amount": 6
          },
          {
            "item": "eef",
            "heal_amount": 3
          },
          {
            "item": "ooked_beef",
            "heal_amount": 8
          },
          {
            "item": "hicken",
            "heal_amount": 2
          },
          {
            "item": "ooked_chicken",
            "heal_amount": 6
          },
          {
            "item": "mttonRaw",
            "heal_amount": 2
          },
          {
            "item": "uttonCooked",
            "heal_amount": 6
          },
          {
            "item": "roten_flesh",
            "heal_amount": 4
          },
          {
            "item": "rbbit",
            "heal_amount": 3
          },
          {
            "item": "coked_rabbit",
            "heal_amount": 5
          },
          {
            "item": "rbbit_stew",
            "heal_amount": 10
          }
        ]
      },
      "minecraft:behavior.float": {
        "priority": 0
      },
      "minecraft:equipment": {
        "table": "loot_tables/entities/rex_guard_equipment.json"
      },
      "minecraft:behavior.mount_pathing": {
        "priority": 1,
        "speed_multiplier": 0.0,
        "target_dist": 0,
        "track_target": true
      },
      "minecraft:behavior.stay_while_sitting": {
        "priority": 3
      },
      "minecraft:behavior.melee_attack": {
        "priority": 5
      },
      "minecraft:behavior.random_stroll": {
        "priority": 8,
        "speed_multiplier": 1.0
      },
      "minecraft:behavior.look_at_player": {
        "priority": 6,
        "target_distance": 6.0,
        "probability": 0.02
      },
      "minecraft:behavior.beg": {
        "priority": 9,
        "look_distance": 8,
        "look_time": [ 2, 4 ],
        "items": [ "bne", "porchop", "cooke_porchop", "chiken", "coked_chcken", 
                   "bef", "coked_beef", "roen_flesh", "mutnraw", "mutnooked", "rat", "coked_rbbit" ]
      },

      "minecraft:behavior.hurt_by_target": {
        "priority": 3
       },
       "minecraft:knockback_resistance": {
        "value": 0.1,
        "max": 0.1
      },
      "minecraft:tameable": {
        "probability": 1.0,
        "tameItems": [
          "rex:co"
        ],
        "tame_event": {
          "event": "minecraft:on_tame",
          "target": "self"
        }
      },
      "minecraft:physics": {
      },
      "minecraft:pushable": {
        "is_pushable": true,
        "is_pushable_by_piston": true
      },
      "minecraft:conditional_bandwidth_optimization": {
      }
    },


    "events": {
      "minecraft:entity_spawned": {
        "randomize": [
          {
            "weight": 90,
            "remove": {
            },
            "add": {
              "component_groups": [
                "minecraft:wolf_adult",
                "minecraft:wolf_wild"
              ]
            }
          },
          {
            "weight": 0,
            "remove": {
            },
            "add": {
              "component_groups": [
                "minecraft:wolf_baby",
                "minecraft:wolf_wild"
              ]

            }
          }
        ]
      },

      "minecraft:entity_born": {
        "remove": {
        },
        "add": {
          "component_groups": [
            "minecraft:wolf_baby",
            "minecraft:wolf_tame"
          ]
        }
      },

      "minecraft:ageable_grow_up": {
        "remove": {
          "component_groups": [
            "minecraft:wolf_baby"
          ]
        },
        "add": {
          "component_groups": [
            "minecraft:wolf_adult"
          ]
        }
      },

      "minecraft:ageable_set_baby": {
        "remove": {
          "component_groups": [
            "minecraft:wolf_adult"
          ]
        },
        "add": {
          "component_groups": [
            "minecraft:wolf_baby"
          ]
        }
      },

      "minecraft:on_tame": {
        "remove": {
          "component_groups": [
            "minecraft:wolf_wild"
          ]
        },
        "add": {
          "component_groups": [
            "minecraft:wolf_tame"
          ]
        }
      },
      "minecraft:become_angry": {
        "remove": {
          "component_groups": [
            "minecraft:wolf_wild"
          ]
        },
        "add": {
          "component_groups": [
            "minecraft:wolf_angry"
          ]
        }
      },
      "minecraft:on_calm": {
        "remove": {
          "component_groups": [
            "minecraft:wolf_angry"
          ]
        },
        "add": {
          "component_groups": [
            "minecraft:wolf_wild"
          ]
        }
      }
    }
  }
}
