{
  "resource_pack_name": "vanilla",
  "texture_name": "atlas.items",
  "texture_data": {
    "egg_camel": {
      "textures": "textures/items/egg_camel"
    },
    "egg_lion": {
      "textures": "textures/items/egg_lion"
    },
    "egg_penguin": {
      "textures": "textures/items/egg_penguin"
    },
    "egg_tiger": {
      "textures": "textures/items/egg_tiger"
    },
    "egg_elephant": {
      "textures": "textures/items/egg_elephant"
    },
    "egg_deer": {
      "textures": "textures/items/egg_deer"
    },
    "egg_panther": {
      "textures": "textures/items/egg_panther"
    },
    "egg_frog": {
      "textures": "textures/items/egg_frog"
    },
    "egg_crocodile": {
      "textures": "textures/items/egg_crocodile"
    },
    "egg_mouse": {
      "textures": "textures/items/egg_mouse"
    },
    "gallardo": {
      "textures": "textures/items/gallardo"
    },
    "bench": {
      "textures": "textures/items/bench"
    },
    "christmas_tree": {
      "textures": "textures/items/christmas_tree"
    },
    "tivi": {
      "textures": "textures/items/tivi"
    },
    "closet": {
      "textures": "textures/items/closet"
    },
    "laptop": {
      "textures": "textures/items/laptop"
    },
    "piano": {
      "textures": "textures/items/piano"
    },
    "armchairs": {
      "textures": "textures/items/armchairs"
    },
    "chair": {
      "textures": "textures/items/chair"
    },
    "big_table": {
      "textures": "textures/items/big_table"
    },
    "small_table": {
      "textures": "textures/items/small_table"
    },
    "drone": {
      "textures": "textures/items/drone"
    },
    "colorful_gifts": {
      "textures": "textures/items/colorful_gifts"
    },
    "rex:kingsfavor": {
      "textures": "textures/items/pamobile/rex_kingsfavor"
    },
    "rex_cristalkingsword": {
      "textures": "textures/items/pamobile/rex_cristalkingsword"
    },
    "rex:pillagercoint": {
      "textures": "textures/items/pamobile/rex_pillagercoint"
    },
    "rex:mercenaryfavor": {
      "textures": "textures/items/pamobile/rex_mercenaryfavor"
    },
    "rex_emeraldhelmet": {
      "textures": [
        "textures/items/pamobile/rex_emeraldhelmet"
      ]
    },
    "rex_emeraldchestplate": {
      "textures": [
        "textures/items/pamobile/rex_emeraldchestplate"
      ]
    },
    "rex_emeraldleggings": {
      "textures": [
        "textures/items/pamobile/rex_emeraldleggings"
      ]
    },
    "rex_emeraldboots": {
      "textures": [
        "textures/items/pamobile/rex_emeraldboots"
      ]
    },
    "rex_ironbattleaxe": {
      "textures": "textures/items/pamobile/rex_ironbattleaxe"
    },
    "rex_goldenbattleaxe": {
      "textures": "textures/items/pamobile/rex_goldenbattleaxe"
    },
    "rex_diamondbattleaxe": {
      "textures": "textures/items/pamobile/rex_diamondbattleaxe"
    },
    "rex_emeraldbattleaxe": {
      "textures": "textures/items/pamobile/rex_emeraldbattleaxe"
    },
    "rex_ironpaxel": {
      "textures": "textures/items/pamobile/rex_ironpaxel"
    },
    "rex:pillagersummonsguard": {
      "textures": "textures/items/pamobile/rex_pillagersummonsguard"
    },
    "rex_netheritebattleaxe": {
      "textures": "textures/items/pamobile/rex_netheritebattleaxe"
    },
    "rex:co": {
      "textures": "textures/items/pamobile/rex_co"
    },
    "rex:mo": {
      "textures": "textures/items/pamobile/rex_mo"
    },
    "rex:mercenaryguard": {
      "textures": "textures/items/pamobile/rex_mercenaryguard"
    },
    "rex:witchm": {
      "textures": "textures/items/pamobile/rex_witchm"
    },
    "rex:king": {
      "textures": "textures/items/pamobile/rex_king"
    },
    "rex:captain": {
      "textures": "textures/items/pamobile/rex_captain"
    },
    "rex:archer": {
      "textures": "textures/items/pamobile/rex_archer"
    },
    "rex:redstoneengineer": {
      "textures": "textures/items/pamobile/rex_redstoneengineer"
    },
    "rex:coint": {
      "textures": "textures/items/pamobile/rex_coint"
    },
    "rex:guard": {
      "textures": "textures/items/pamobile/rex_guard"
    },
    "rex:eliteguard": {
      "textures": "textures/items/pamobile/rex_eliteguard"
    },
    "rex:helitepillagerguard": {
      "textures": "textures/items/pamobile/rex_helitepillagerguard"
    },
    "rex:pillagerguard": {
      "textures": "textures/items/pamobile/rex_pillagerguard"
    },
    "rex:pillagerarcher": {
      "textures": "textures/items/pamobile/rex_pillagerarcher"
    },
    "rex:king2": {
      "textures": "textures/items/pamobile/rex_king2"
    },
    "rex:pillagerking": {
      "textures": "textures/items/pamobile/rex_pillagerking"
    },
    "rex:mercenaryvillager": {
      "textures": "textures/items/pamobile/rex_mercenaryvillager"
    },
    "rex:mercenaryarcher": {
      "textures": "textures/items/pamobile/rex_mercenaryarcher"
    },
    "rex:merchant1": {
      "textures": "textures/items/pamobile/rex_merchant1"
    },
    "rex:merchant2": {
      "textures": "textures/items/pamobile/rex_merchant2"
    },
    "rex:merchant3": {
      "textures": "textures/items/pamobile/rex_merchant3"
    },
    "rex:merchant4": {
      "textures": "textures/items/pamobile/rex_merchant4"
    },
    "rex:fvm": {
      "textures": "textures/items/pamobile/rex_fvm"
    },
    "rex:summon2": {
      "textures": "textures/items/pamobile/rex_summon2"
    },
    "rex:summon1": {
      "textures": "textures/items/pamobile/rex_summon1"
    }
  }
}