{
  "format_version": "1.10.0",
  "minecraft:attachable": {
    "description": {
      "identifier": "rex:emeraldboots.player",
      "item": {
        "rex:emeraldboots": "query.owner_identifier == 'minecraft:player'"
      },
      "materials": {
        "default": "armor",
        "enchanted": "armor_enchanted"
      },
      "textures": {
        "default": "textures/entity/pamobile/rex_emeraldboots",
        "enchanted": "textures/misc/enchanted_item_glint"
      },
      "geometry": {
        "default": "geometry.rex_emeraldboots"
      },
      "scripts": {
        "parent_setup": "variable.boot_layer_visible = 0.0;"
      },
      "render_controllers": [
        "controller.render.armor"
      ]
    }
  }
}