{
  "format_version": "1.16.100",
  "minecraft:item": {
    "description": {
      "category": "equipment",
      "identifier": "rex:ironpaxel"
    },
    "components": {
      "minecraft:icon": {
        "texture": "rex_ironpaxel"
      },
      "minecraft:creative_category": {
        "parent": "itemGroup.name.axe"
      },
      "minecraft:max_stack_size": 1,
      "minecraft:hand_equipped": true,
      "minecraft:allow_off_hand": true,
      "minecraft:foil": false,
      "minecraft:durability": {
        "max_durability": 850,
        "damage_chance": {
          "min": 60,
          "max": 100
        }
      },
      "minecraft:repairable": {
        "repair_items": [
          {
            "items": [
              "minecraft:iron_ingot"
            ],
            "repair_amount": 10
          },
          {
            "items": [
              "rex:ironpaxel"
            ],
            "repair_amount": "context.other->query.remaining_durability + 0.2 * context.other->query.max_durability"
          }
        ]
      },
      "minecraft:mining_speed": 1,
      "minecraft:damage": 2,
      "minecraft:enchantable": {
        "value": 15,
        "slot": "axe"
      },
      "minecraft:can_destroy_in_creative": true,
      "minecraft:digger": {
        "use_efficiency": true,
        "destroy_speeds": [
          {
            "block": "minecraft:coal_ore",
            "speed": 2,
            "on_dig": {
              "event": "hurt"
            }
          },
          {
            "block": "minecraft:diamond_ore",
            "speed": 2,
            "on_dig": {
              "event": "hurt"
            }
          },
          {
            "block": "minecraft:emerald_ore",
            "speed": 2,
            "on_dig": {
              "event": "hurt"
            }
          },
          {
            "block": "minecraft:gold_ore",
            "speed": 2,
            "on_dig": {
              "event": "hurt"
            }
          },
          {
            "block": "minecraft:iron_ore",
            "speed": 2,
            "on_dig": {
              "event": "hurt"
            }
          },
          {
            "block": "minecraft:lapis_ore",
            "speed": 2,
            "on_dig": {
              "event": "hurt"
            }
          },
          {
            "block": "minecraft:quartz_ore",
            "speed": 2,
            "on_dig": {
              "event": "hurt"
            }
          },
          {
            "block": "minecraft:redstone_ore",
            "speed": 2,
            "on_dig": {
              "event": "hurt"
            }
          },
          {
            "block": "minecraft:birch_stairs",
            "speed": 2,
            "on_dig": {
              "event": "hurt"
            }
          },
          {
            "block": "minecraft:dark_oak_stairs",
            "speed": 2,
            "on_dig": {
              "event": "hurt"
            }
          },
          {
            "block": "minecraft:jungle_stairs",
            "speed": 2,
            "on_dig": {
              "event": "hurt"
            }
          },
          {
            "block": "minecraft:oak_stairs",
            "speed": 2,
            "on_dig": {
              "event": "hurt"
            }
          },
          {
            "block": "minecraft:spruce_stairs",
            "speed": 2,
            "on_dig": {
              "event": "hurt"
            }
          },
          {
            "block": "minecraft:wood",
            "speed": 2,
            "on_dig": {
              "event": "hurt"
            }
          },
          {
            "block": "minecraft:wooden_axe",
            "speed": 2,
            "on_dig": {
              "event": "hurt"
            }
          },
          {
            "block": "minecraft:wooden_button",
            "speed": 2,
            "on_dig": {
              "event": "hurt"
            }
          },
          {
            "block": "minecraft:wooden_door",
            "speed": 2,
            "on_dig": {
              "event": "hurt"
            }
          },
          {
            "block": "minecraft:wooden_hoe",
            "speed": 2,
            "on_dig": {
              "event": "hurt"
            }
          },
          {
            "block": "minecraft:wooden_pickaxe",
            "speed": 2,
            "on_dig": {
              "event": "hurt"
            }
          },
          {
            "block": "minecraft:wooden_pressure_plate",
            "speed": 2,
            "on_dig": {
              "event": "hurt"
            }
          },
          {
            "block": "minecraft:wooden_shovel",
            "speed": 2,
            "on_dig": {
              "event": "hurt"
            }
          },
          {
            "block": "minecraft:wooden_slab",
            "speed": 2,
            "on_dig": {
              "event": "hurt"
            }
          },
          {
            "block": "minecraft:wooden_sword",
            "speed": 2,
            "on_dig": {
              "event": "hurt"
            }
          },
          {
            "block": "minecraft:rooted_dirt",
            "speed": 2,
            "on_dig": {
              "event": "hurt"
            }
          },
          {
            "block": "minecraft:dirt",
            "speed": 2,
            "on_dig": {
              "event": "hurt"
            }
          },
          {
            "block": "minecraft:grass",
            "speed": 2,
            "on_dig": {
              "event": "hurt"
            }
          },
          {
            "block": "minecraft:grass_path",
            "speed": 2,
            "on_dig": {
              "event": "hurt"
            }
          },
          {
            "block": "minecraft:cobblestone",
            "speed": 2,
            "on_dig": {
              "event": "hurt"
            }
          },
          {
            "block": "minecraft:cobblestone_wall",
            "speed": 2,
            "on_dig": {
              "event": "hurt"
            }
          },
          {
            "block": "minecraft:cracked_polished_blackstone_bricks",
            "speed": 2,
            "on_dig": {
              "event": "hurt"
            }
          },
          {
            "block": "minecraft:end_brick_stairs",
            "speed": 2,
            "on_dig": {
              "event": "hurt"
            }
          },
          {
            "block": "minecraft:end_bricks",
            "speed": 2,
            "on_dig": {
              "event": "hurt"
            }
          },
          {
            "block": "minecraft:monster_egg",
            "speed": 2,
            "on_dig": {
              "event": "hurt"
            }
          },
          {
            "block": "minecraft:end_stone",
            "speed": 2,
            "on_dig": {
              "event": "hurt"
            }
          },
          {
            "block": "minecraft:gilded_blackstone",
            "speed": 2,
            "on_dig": {
              "event": "hurt"
            }
          },
          {
            "block": "minecraft:lodestone",
            "speed": 2,
            "on_dig": {
              "event": "hurt"
            }
          },
          {
            "block": "minecraft:mossy_cobblestone",
            "speed": 2,
            "on_dig": {
              "event": "hurt"
            }
          },
          {
            "block": "minecraft:mossy_cobblestone_stairs",
            "speed": 2,
            "on_dig": {
              "event": "hurt"
            }
          },
          {
            "block": "minecraft:mossy_stone_brick_stairs",
            "speed": 2,
            "on_dig": {
              "event": "hurt"
            }
          },
          {
            "block": "minecraft:normal_stone_stairs",
            "speed": 2,
            "on_dig": {
              "event": "hurt"
            }
          },
          {
            "block": "minecraft:polished_blackstone",
            "speed": 2,
            "on_dig": {
              "event": "hurt"
            }
          },
          {
            "block": "minecraft:polished_blackstone_brick_slab",
            "speed": 2,
            "on_dig": {
              "event": "hurt"
            }
          },
          {
            "block": "minecraft:polished_blackstone_brick_stairs",
            "speed": 2,
            "on_dig": {
              "event": "hurt"
            }
          },
          {
            "block": "minecraft:red_sandstone",
            "speed": 2,
            "on_dig": {
              "event": "hurt"
            }
          },
          {
            "block": "minecraft:red_sandstone_stairs",
            "speed": 2,
            "on_dig": {
              "event": "hurt"
            }
          },
          {
            "block": "minecraft:redstone_block",
            "speed": 2,
            "on_dig": {
              "event": "hurt"
            }
          },
          {
            "block": "minecraft:redstone_lamp",
            "speed": 2,
            "on_dig": {
              "event": "hurt"
            }
          },
          {
            "block": "minecraft:sandstone",
            "speed": 2,
            "on_dig": {
              "event": "hurt"
            }
          },
          {
            "block": "minecraft:sandstone_stairs",
            "speed": 2,
            "on_dig": {
              "event": "hurt"
            }
          },
          {
            "block": "minecraft:smooth_red_sandstone_stairs",
            "speed": 2,
            "on_dig": {
              "event": "hurt"
            }
          },
          {
            "block": "minecraft:smooth_sandstone_stairs",
            "speed": 2,
            "on_dig": {
              "event": "hurt"
            }
          },
          {
            "block": "minecraft:smooth_stone",
            "speed": 2,
            "on_dig": {
              "event": "hurt"
            }
          },
          {
            "block": "minecraft:stone",
            "speed": 2,
            "on_dig": {
              "event": "hurt"
            }
          },
          {
            "block": "minecraft:stone_brick_stairs",
            "speed": 2,
            "on_dig": {
              "event": "hurt"
            }
          },
          {
            "block": "minecraft:stone_slab",
            "speed": 2,
            "on_dig": {
              "event": "hurt"
            }
          },
          {
            "block": "minecraft:stone_slab2",
            "speed": 2,
            "on_dig": {
              "event": "hurt"
            }
          },
          {
            "block": "minecraft:stone_slab3",
            "speed": 2,
            "on_dig": {
              "event": "hurt"
            }
          },
          {
            "block": "minecraft:stone_slab4",
            "speed": 2,
            "on_dig": {
              "event": "hurt"
            }
          },
          {
            "block": "minecraft:stone_stairs",
            "speed": 2,
            "on_dig": {
              "event": "hurt"
            }
          },
          {
            "block": "minecraft:stonebrick",
            "speed": 2,
            "on_dig": {
              "event": "hurt"
            }
          },
          {
            "block": "minecraft:stonecutter_block",
            "speed": 2,
            "on_dig": {
              "event": "hurt"
            }
          },
          {
            "block": "minecraft:sand",
            "speed": 2,
            "on_dig": {
              "event": "hurt"
            }
          },
          {
            "block": "minecraft:soul_sand",
            "speed": 2,
            "on_dig": {
              "event": "hurt"
            }
          },
          {
            "block": "minecraft:gravel",
            "speed": 2,
            "on_dig": {
              "event": "hurt"
            }
          },
          {
            "block": "minecraft:log",
            "speed": 2,
            "on_dig": {
              "event": "hurt"
            }
          },
          {
            "block": "minecraft:log2",
            "speed": 2,
            "on_dig": {
              "event": "hurt"
            }
          },
          {
            "block": "minecraft:stripped_acacia_log",
            "speed": 2,
            "on_dig": {
              "event": "hurt"
            }
          },
          {
            "block": "minecraft:stripped_birch_log",
            "speed": 2,
            "on_dig": {
              "event": "hurt"
            }
          },
          {
            "block": "minecraft:stripped_dark_oak_log",
            "speed": 2,
            "on_dig": {
              "event": "hurt"
            }
          },
          {
            "block": "minecraft:stripped_jungle_log",
            "speed": 2,
            "on_dig": {
              "event": "hurt"
            }
          },
          {
            "block": "minecraft:stripped_oak_log",
            "speed": 2,
            "on_dig": {
              "event": "hurt"
            }
          },
          {
            "block": "minecraft:stripped_spruce_log",
            "speed": 2,
            "on_dig": {
              "event": "hurt"
            }
          },
          {
            "block": "minecraft:crimson_planks",
            "speed": 2,
            "on_dig": {
              "event": "hurt"
            }
          },
          {
            "block": "minecraft:planks",
            "speed": 2,
            "on_dig": {
              "event": "hurt"
            }
          },
          {
            "block": "minecraft:warped_planks",
            "speed": 2,
            "on_dig": {
              "event": "hurt"
            }
          },
          {
            "block": "minecraft:iron_bars",
            "speed": 2,
            "on_dig": {
              "event": "hurt"
            }
          },
          {
            "block": "minecraft:podzol",
            "speed": 2,
            "on_dig": {
              "event": "hurt"
            }
          }
        ]
      },
      "minecraft:weapon": {
        "on_hurt_entity": {
          "event": "hurt"
        },
        "on_not_hurt_entity": {
          "event": "hurt"
        },
        "on_hit_block": {
          "event": "hurt"
        }
      },
      "minecraft:render_offsets": {
        "main_hand": {
          "third_person": {
            "scale": [
              0.1,
              0.1,
              0.1
            ]
          },
          "first_person": {
            "scale": [
              0.037999999999977205,
              0.037999999999977205,
              0.037999999999977205
            ]
          }
        },
        "off_hand": {
          "third_person": {
            "scale": [
              0.1,
              0.1,
              0.1
            ]
          },
          "first_person": {
            "scale": [
              0.037999999999977205,
              0.037999999999977205,
              0.037999999999977205
            ]
          }
        }
      },
      "tag:minecraft:is_axe": {},
      "minecraft:display_name": {},
      "minecraft:use_on": {
        "blocks": [
          "grass",
          "dirt",
          "grass_path"
        ]
      }
    },
    "events": {
      "on_use_event": {
        "sequence": [
          {
            "damage": {
              "type": "magic",
              "amount": 1,
              "target": "self"
            }
          }
        ]
      },
      "hurt": {
        "damage": {
          "type": "magic",
          "amount": 1,
          "target": "self"
        }
      }
    }
  }
}