{
  "format_version": "1.16.100",
  "minecraft:item": {
    "description": {
      "identifier": "rex:pillagersummonsguard",
      "category": "items"
    },
    "components": {
      "minecraft:hand_equipped": false,
      "minecraft:max_stack_size": 1,
      "minecraft:foil": true,
      "minecraft:icon": {
        "texture": "rex:pillagersummonsguard"
      },
      "minecraft:display_name": {
        "value": "pillager summons"
      },
      "minecraft:cooldown": {
        "category": "pillagersummonsguard",
        "duration": 600
      },
      "minecraft:on_use": {
        "on_use": {
          "event": "on_use_event"
        }
      }
    },
    "events": {
      "on_use_event": {
        "swing": {},
        "run_command": {
          "command": [
            "function isbad1"
          ]
        }
      },
      "hurt": {
        "damage": {
          "type": "magic",
          "amount": 1,
          "target": "self"
        }
      }
    }
  }
}
