{
  "tiers": [
    {
      "trades": [
        {
          "wants": [
            {
              "item": "rex:pillagercoint",
              "quantity": 5
            }
          ],
          "gives": [
            {
              "item": "rex:arrows",
              "quantity": 11
            }
          ]
        },
        {
          "wants": [
            {
              "item": "rex:pillagercoint",
              "quantity": 25
            }
          ],
          "gives": [
            {
              "item": "minecraft:bow",
              "quantity": 1
            }
          ]
        },
        {
          "wants": [
            {
              "item": "minecraft:string",
              "quantity": 20
            }
          ],
          "gives": [
            {
              "item": "rex:pillagercoint",
              "quantity": 30
            }
          ]
        }
      ]
    },
    {
      "trades": [
        {
          "wants": [
            {
              "item": "minecraft:feather",
              "quantity": 10
            }
          ],
          "gives": [
            {
              "item": "rex:pillagercoint",
              "quantity": 25
            }
          ]
        },
        {
          "wants": [
            {
              "item": "rex:pillagercoint",
              "quantity": 35
            }
          ],
          "gives": [
            {
              "item": "minecraft:crossbow",
              "quantity": 1
            }
          ]
        },
        {
          "wants": [
            {
              "item": "rex:pillagercoint",
              "quantity": 20
            }
          ],
          "gives": [
            {
              "item": "minecraft:fletching_table",
              "quantity": 1
            }
          ]
        }
      ]
    },
    {
      "trades": [
        {
          "wants": [
            {
              "item": "rex:pillagercoint",
              "quantity": 5
            }
          ],
          "gives": [
            {
              "item": "minecraft:arrow",
              "quantity": 1
            }
          ]
        },
        {
          "wants": [
            {
              "item": "rex:pillagercoint",
              "quantity": 3
            }
          ],
          "gives": [
            {
              "item": "minecraft:arrow",
              "quantity": 1
            }
          ]
        },
        {
          "wants": [
            {
              "item": "rex:pillagercoint",
              "quantity": 25
            }
          ],
          "gives": [
            {
              "item": "minecraft:arrow",
              "quantity": 1
            }
          ]
        }
      ]
    }
  ]
}