{
  "tiers": [
    {
      "trades": [
        {
          "wants": [
            {
              "item": "rex:pillagercoint",
              "quantity": 35
            }
          ],
          "gives": [
            {
              "item": "rex:ironpaxel",
              "quantity": 1
            }
          ]
        },
        {
          "wants": [
            {
              "item": "minecraft:iron_ingot",
              "quantity": 10
            }
          ],
          "gives": [
            {
              "item": "rex:pillagercoint",
              "quantity": 30
            }
          ]
        },
        {
          "wants": [
            {
              "item": "rex:pillagercoint",
              "quantity": 15
            }
          ],
          "gives": [
            {
              "item": "minecraft:iron_sword",
              "quantity": 1
            }
          ]
        },
        {
          "wants": [
            {
              "item": "minecraft:raw_gold",
              "quantity": 5
            }
          ],
          "gives": [
            {
              "item": "rex:pillagercoint",
              "quantity": 10
            }
          ]
        }
      ]
    },
    {
      "trades": [
        {
          "wants": [
            {
              "item": "rex:pillagercoint",
              "quantity": 40
            }
          ],
          "gives": [
            {
              "item": "rex:ironbattleaxe",
              "quantity": 1
            }
          ]
        },
        {
          "wants": [
            {
              "item": "minecraft:string",
              "quantity": 10
            }
          ],
          "gives": [
            {
              "item": "rex:pillagercoint",
              "quantity": 29
            }
          ]
        },
        {
          "wants": [
            {
              "item": "rex:templarchestplate",
              "quantity": 1
            }
          ],
          "gives": [
            {
              "item": "rex:pillagercoint",
              "quantity": 25
            }
          ]
        },
        {
          "wants": [
            {
              "item": "minecraft:diamond",
              "quantity": 1
            }
          ],
          "gives": [
            {
              "item": "rex:pillagercoint",
              "quantity": 55
            }
          ]
        }
      ]
    },
    {
      "trades": [
        {
          "wants": [
            {
              "item": "rex:pillagercoint",
              "quantity": 64
            }
          ],
          "gives": [
            {
              "item": "rex:diamondbattleaxe",
              "quantity": 1
            }
          ]
        },
        {
          "wants": [
            {
              "item": "rex:pillagercoint",
              "quantity": 20
            }
          ],
          "gives": [
            {
              "item": "minecraft:horsearmorgold",
              "quantity": 1
            }
          ]
        },
        {
          "wants": [
            {
              "item": "minecraft:bell",
              "quantity": 1
            }
          ],
          "gives": [
            {
              "item": "rex:pillagercoint",
              "quantity": 30
            }
          ]
        }
      ]
    }
  ]
}