{
  "tiers": [
    {
      "trades": [
        {
          "wants": [
            {
              "item": "minecraft:emerald",
              "quantity": 5
            }
          ],
          "gives": [
            {
              "item": "minecraft:iron_sword",
              "quantity": 1
            }
          ]
        },
        {
          "wants": [
            {
              "item": "minecraft:emerald",
              "quantity": 10
            }
          ],
          "gives": [
            {
              "item": "minecraft:iron_helmet",
              "quantity": 1
            }
          ]
        },
        {
          "wants": [
            {
              "item": "minecraft:emerald",
              "quantity": 25
            }
          ],
          "gives": [
            {
              "item": "minecraft:iron_chestplate",
              "quantity": 1
            }
          ]
        },
        {
          "wants": [
            {
              "item": "minecraft:emerald",
              "quantity": 15
            }
          ],
          "gives": [
            {
              "item": "minecraft:iron_leggings",
              "quantity": 1
            }
          ]
        },
        {
          "wants": [
            {
              "item": "minecraft:emerald",
              "quantity": 5
            }
          ],
          "gives": [
            {
              "item": "minecraft:iron_boots",
              "quantity": 1
            }
          ]
        },
        {
          "wants": [
            {
              "item": "minecraft:emerald",
              "quantity": 20
            }
          ],
          "gives": [
            {
              "item": "minecraft:bow",
              "quantity": 1
            }
          ]
        },
        {
          "wants": [
            {
              "item": "minecraft:emerald",
              "quantity": 25
            }
          ],
          "gives": [
            {
              "item": "minecraft:crossbow",
              "quantity": 1
            }
          ]
        },
        {
          "wants": [
            {
              "item": "minecraft:emerald",
              "quantity": 1
            }
          ],
          "gives": [
            {
              "item": "rex:arrows",
              "quantity": 15
            }
          ]
        },
        {
          "wants": [
            {
              "item": "minecraft:emerald",
              "quantity": 40
            }
          ],
          "gives": [
            {
              "item": "rex:co",
              "quantity": 1
            }
          ]
        }
      ]
    },
    {
      "trades": [
        {
          "wants": [
            {
              "item": "minecraft:emerald",
              "quantity": 20
            }
          ],
          "gives": [
            {
              "item": "rex:goldenbattleaxe",
              "quantity": 1
            }
          ]
        },
        {
          "wants": [
            {
              "item": "minecraft:emerald",
              "quantity": 30
            }
          ],
          "gives": [
            {
              "item": "rex:diamondbattleaxe",
              "quantity": 1
            }
          ]
        },
        {
          "wants": [
            {
              "item": "minecraft:emerald",
              "quantity": 40
            }
          ],
          "gives": [
            {
              "item": "rex:emeraldbattleaxe",
              "quantity": 1
            }
          ]
        },
        {
          "wants": [
            {
              "item": "minecraft:emerald",
              "quantity": 61
            }
          ],
          "gives": [
            {
              "item": "rex:netheritebattleaxe",
              "quantity": 1
            }
          ]
        },
        {
          "wants": [
            {
              "item": "rex:pillagersummonsguard",
              "quantity": 1
            }
          ],
          "gives": [
            {
              "item": "minecraft:emerald_block",
              "quantity": 25
            }
          ]
        }
      ]
    },
    {
      "trades": [
        {
          "wants": [
            {
              "item": "minecraft:emerald",
              "quantity": 50
            }
          ],
          "gives": [
            {
              "item": "minecraft:appleenchanted",
              "quantity": 1
            }
          ]
        }
      ]
    }
  ]
}