{
  "tiers": [
    {
      "trades": [
        {
          "wants": [
            {
              "item": "minecraft:emerald",
              "quantity": 1
            }
          ],
          "gives": [
            {
              "item": "rex:pillagercoint",
              "quantity": 5
            }
          ]
        },
        {
          "wants": [
            {
              "item": "rex:pillagercoint",
              "quantity": 30
            }
          ],
          "gives": [
            {
              "item": "minecraft:emerald",
              "quantity": 1
            }
          ]
        },
        {
          "wants": [
            {
              "item": "rex:pillagercoint",
              "quantity": 50
            }
          ],
          "gives": [
            {
              "item": "rex:mercenaryfavor",
              "quantity": 1
            }
          ]
        }
      ]
    },
    {
      "trades": [
        {
          "wants": [
            {
              "item": "rex:pillagercoint",
              "quantity": 60
            }
          ],
          "gives": [
            {
              "item": "rex:mo",
              "quantity": 1
            }
          ]
        },
        {
          "wants": [
            {
              "item": "rex:pillagercoint",
              "quantity": 5
            }
          ],
          "gives": [
            {
              "item": "minecraft:iron_ingot",
              "quantity": 1
            }
          ]
        },
        {
          "wants": [
            {
              "item": "rex:pillagercoint",
              "quantity": 10
            }
          ],
          "gives": [
            {
              "item": "minecraft:gold_ingot",
              "quantity": 1
            }
          ]
        },
        {
          "wants": [
            {
              "item": "rex:pillagercoint",
              "quantity": 40
            }
          ],
          "gives": [
            {
              "item": "minecraft:diamond",
              "quantity": 1
            }
          ]
        }
      ]
    },
    {
      "trades": [
        {
          "wants": [
            {
              "item": "rex:pillagercoint",
              "quantity": 9
            }
          ],
          "gives": [
            {
              "item": "minecraft:amethyst_shard",
              "quantity": 1
            }
          ]
        },
        {
          "wants": [
            {
              "item": "rex:pillagercoint",
              "quantity": 10
            }
          ],
          "gives": [
            {
              "item": "minecraft:copper_ingot",
              "quantity": 1
            }
          ]
        }
      ]
    },
    {
      "trades": [
        {
          "wants": [
            {
              "item": "rex:pillagercoint",
              "quantity": 64
            }
          ],
          "gives": [
            {
              "item": "minecraft:appleenchanted",
              "quantity": 1
            }
          ]
        }
      ]
    }
  ]
}
