{
  "tiers": [
    {
      "trades": [
        {
          "wants": [
            {
              "item": "minecraft:rotten_flesh",
              "quantity": 25
            }
          ],
          "gives": [
            {
              "item": "minecraft:emerald",
              "quantity": 1
            }
          ]
        },
        {
          "wants": [
            {
              "item": "minecraft:crossbow",
              "quantity": 1
            }
          ],
          "gives": [
            {
              "item": "minecraft:emerald",
              "quantity": 15
            }
          ]
        },
        {
          "wants": [
            {
              "item": "minecraft:bone",
              "quantity": 20
            }
          ],
          "gives": [
            {
              "item": "minecraft:emerald",
              "quantity": 1
            }
          ]
        },
        {
          "wants": [
            {
              "item": "minecraft:ender_pearl",
              "quantity": 1
            }
          ],
          "gives": [
            {
              "item": "minecraft:emerald",
              "quantity": 5
            }
          ]
        },
        {
          "wants": [
            {
              "item": "minecraft:spider_eye",
              "quantity": 20
            }
          ],
          "gives": [
            {
              "item": "minecraft:emerald",
              "quantity": 1
            }
          ]
        }
      ]
    },
    {
      "trades": [
        {
          "wants": [
            {
              "item": "minecraft:gold_ingot",
              "quantity": 20
            }
          ],
          "gives": [
            {
              "item": "minecraft:emerald",
              "quantity": 30
            }
          ]
        },
        {
          "wants": [
            {
              "item": "minecraft:rotten_flesh",
              "quantity": 64
            }
          ],
          "gives": [
            {
              "item": "minecraft:emerald",
              "quantity": 15
            }
          ]
        },
        {
         				"wants": [
						{
							"item": "rex:zumbi_insigna",
							"quantity": 1
						},
						{
							"item": "rex:spider_insigna",
							"quantity": 1
						}
					],
					"gives": [
						{
							"item": "rex:adventurous",
							"quantity": 1
						}
					]
				},
				{
             "wants": [
            {
              "item": "minecraft:string",
              "quantity": 20
            }
          ],
          "gives": [
            {
              "item": "minecraft:emerald",
              "quantity": 1
            }
          ]
        }
      ]
    },
    {
      "trades": [
        {
          "wants": [
            {
              "item": "minecraft:emerald",
              "quantity": 64
            }
          ],
          "gives": [
            {
              "item": "rex:kingsfavor",
              "quantity": 1
            }
          ]
        },
        {
          "wants": [
            {
              "item": "minecraft:emerald",
              "quantity": 25
            }
          ],
          "gives": [
            {
              "item": "rex:cristalkingsword",
              "quantity": 1
            }
          ]
        }
      ]
    }
  ]
}
