{
  "tiers": [
    {
      "trades": [
        {
          "wants": [
            {
              "item": "minecraft:leather",
              "quantity": 5
            }
          ],
          "gives": [
            {
              "item": "rex:pillagercoint",
              "quantity": 10
            }
          ]
        },
        {
          "wants": [
            {
              "item": "minecraft:string",
              "quantity": 5
            }
          ],
          "gives": [
            {
              "item": "rex:pillagercoint",
              "quantity": 20
            }
          ]
        },
        {
          "wants": [
            {
              "item": "minecraft:name_tag",
              "quantity": 1
            }
          ],
          "gives": [
            {
              "item": "rex:pillagercoint",
              "quantity": 30
            }
          ]
        }
      ]
    },
    {
      "trades": [
        {
          "wants": [
            {
              "item": "minecraft:horsearmordiamond",
              "quantity": 1
            }
          ],
          "gives": [
            {
              "item": "rex:pillagercoint",
              "quantity": 40
            }
          ]
        },
        {
          "wants": [
            {
              "item": "minecraft:horsearmorgold",
              "quantity": 1
            }
          ],
          "gives": [
            {
              "item": "rex:pillagercoint",
              "quantity": 30
            }
          ]
        },
        {
          "wants": [
            {
              "item": "minecraft:horsearmoriron",
              "quantity": 1
            }
          ],
          "gives": [
            {
              "item": "rex:pillagercoint",
              "quantity": 20
            }
          ]
        },
        {
          "wants": [
            {
              "item": "minecraft:horsearmorleather",
              "quantity": 1
            }
          ],
          "gives": [
            {
              "item": "rex:pillagercoint",
              "quantity": 10
            }
          ]
        }
      ]
    },
    {
      "trades": [
        {
          "wants": [
            {
              "item": "minecraft:saddle",
              "quantity": 1
            }
          ],
          "gives": [
            {
              "item": "rex:pillagercoint",
              "quantity": 30
            }
          ]
        },
        {
          "wants": [
            {
              "item": "rex:cristalkingsword",
              "quantity": 1
            }
          ],
          "gives": [
            {
              "item": "rex:pillagercoint",
              "quantity": 36
            }
          ]
        }
      ]
    }
  ]
}